{
    "edgeSequence": [
        [
            2.0,
            3.0,
            0.8
        ],
        [
            0.0,
            1.0,
            0.5
        ],
        [
            2.0,
            3.0,
            0.8
        ],
        [
            0.0,
            3.0,
            0.3
        ],
        [
            0.0,
            3.0,
            0.3
        ],
        [
            0.0,
            3.0,
            0.3
        ],
        [
            0.0,
            3.0,
            0.3
        ],
        [
            0.0,
            3.0,
            0.3
        ],
        [
            0.0,
            3.0,
            0.3
        ],
        [
            0.0,
            1.0,
            0.5
        ],
        [
            2.0,
            3.0,
            0.8
        ],
        [
            0.0,
            1.0,
            0.5
        ],
        [
            0.0,
            1.0,
            0.5
        ],
        [
            0.0,
            3.0,
            0.3
        ],
        [
            2.0,
            3.0,
            0.8
        ],
        [
            0.0,
            3.0,
            0.3
        ],
        [
            0.0,
            1.0,
            0.5
        ],
        [
            0.0,
            1.0,
            0.5
        ],
        [
            2.0,
            3.0,
            0.8
        ],
        [
            0.0,
            1.0,
            0.5
        ],
        [
            0.0,
            3.0,
            0.3
        ],
        [
            0.0,
            1.0,
            0.5
        ],
        [
            2.0,
            3.0,
            0.8
        ],
        [
            0.0,
            1.0,
            0.5
        ],
        [
            0.0,
            1.0,
            0.5
        ],
        [
            0.0,
            3.0,
            0.3
        ],
        [
            2.0,
            3.0,
            0.8
        ],
        [
            2.0,
            3.0,
            0.8
        ],
        [
            2.0,
            3.0,
            0.8
        ],
        [
            2.0,
            3.0,
            0.8
        ]
    ],
    "edgeMatrix": [
        [
            0.22666802390841392,
            0.3252936959486029,
            0.22390898452374547,
            0.2241292956192376
        ],
        [
            0.27250139364033604,
            0.39229470309879133,
            0.16761536185988882,
            0.16758854140098375
        ],
        [
            0.24336514883006796,
            0.13953328129047587,
            0.3085998750740215,
            0.3085016948054345
        ],
        [
            0.2574654336211819,
            0.14287831966212983,
            0.2998757785423441,
            0.299780468174344
        ]
    ]
}