{
    "edgeSequence": [
        [
            0.0,
            1.0,
            0.5
        ],
        [
            0.0,
            3.0,
            0.3
        ],
        [
            0.0,
            3.0,
            0.3
        ],
        [
            0.0,
            3.0,
            0.3
        ],
        [
            2.0,
            3.0,
            0.8
        ],
        [
            2.0,
            3.0,
            0.8
        ],
        [
            0.0,
            1.0,
            0.5
        ],
        [
            0.0,
            1.0,
            0.5
        ],
        [
            2.0,
            3.0,
            0.8
        ],
        [
            0.0,
            1.0,
            0.5
        ],
        [
            0.0,
            1.0,
            0.5
        ],
        [
            0.0,
            3.0,
            0.3
        ],
        [
            0.0,
            1.0,
            0.5
        ],
        [
            2.0,
            3.0,
            0.8
        ],
        [
            0.0,
            1.0,
            0.5
        ],
        [
            0.0,
            1.0,
            0.5
        ],
        [
            2.0,
            3.0,
            0.8
        ],
        [
            2.0,
            3.0,
            0.8
        ],
        [
            0.0,
            3.0,
            0.3
        ],
        [
            0.0,
            3.0,
            0.3
        ],
        [
            2.0,
            3.0,
            0.8
        ],
        [
            0.0,
            3.0,
            0.3
        ],
        [
            2.0,
            3.0,
            0.8
        ],
        [
            0.0,
            3.0,
            0.3
        ],
        [
            2.0,
            3.0,
            0.8
        ],
        [
            0.0,
            1.0,
            0.5
        ],
        [
            0.0,
            3.0,
            0.3
        ],
        [
            0.0,
            1.0,
            0.5
        ],
        [
            2.0,
            3.0,
            0.8
        ],
        [
            0.0,
            3.0,
            0.3
        ]
    ],
    "edgeMatrix": [
        [
            0.21539091045183262,
            0.26682687676493133,
            0.1908113185912002,
            0.3269708941920355
        ],
        [
            0.30825538635537875,
            0.3830458853433617,
            0.16460799915954866,
            0.1440907291417106
        ],
        [
            0.13091022313407918,
            0.159218678656278,
            0.38991205121680433,
            0.31995904699283817
        ],
        [
            0.345443480058709,
            0.19090855923542863,
            0.2546686310324465,
            0.2089793296734155
        ]
    ]
}