{
    "edgeSequence": [
        [
            0.0,
            3.0,
            0.3
        ],
        [
            0.0,
            1.0,
            0.5
        ],
        [
            0.0,
            3.0,
            0.3
        ],
        [
            0.0,
            3.0,
            0.3
        ],
        [
            0.0,
            1.0,
            0.5
        ],
        [
            0.0,
            1.0,
            0.5
        ],
        [
            0.0,
            1.0,
            0.5
        ],
        [
            0.0,
            3.0,
            0.3
        ],
        [
            0.0,
            1.0,
            0.5
        ],
        [
            2.0,
            3.0,
            0.8
        ],
        [
            2.0,
            3.0,
            0.8
        ],
        [
            0.0,
            1.0,
            0.5
        ],
        [
            2.0,
            3.0,
            0.8
        ],
        [
            2.0,
            3.0,
            0.8
        ],
        [
            0.0,
            1.0,
            0.5
        ],
        [
            2.0,
            3.0,
            0.8
        ],
        [
            0.0,
            3.0,
            0.3
        ],
        [
            0.0,
            3.0,
            0.3
        ],
        [
            2.0,
            3.0,
            0.8
        ],
        [
            2.0,
            3.0,
            0.8
        ],
        [
            2.0,
            3.0,
            0.8
        ],
        [
            2.0,
            3.0,
            0.8
        ],
        [
            0.0,
            3.0,
            0.3
        ],
        [
            0.0,
            1.0,
            0.5
        ],
        [
            0.0,
            3.0,
            0.3
        ],
        [
            0.0,
            3.0,
            0.3
        ],
        [
            0.0,
            1.0,
            0.5
        ],
        [
            2.0,
            3.0,
            0.8
        ],
        [
            0.0,
            3.0,
            0.3
        ],
        [
            0.0,
            1.0,
            0.5
        ]
    ],
    "edgeMatrix": [
        [
            0.2285951374639473,
            0.308481340980154,
            0.17539029144781249,
            0.28753323010808607
        ],
        [
            0.27648548009096363,
            0.3742360857742211,
            0.15992745373450593,
            0.18935098040030923
        ],
        [
            0.10364540960956639,
            0.13819685460850178,
            0.4242590083289654,
            0.3338987274529662
        ],
        [
            0.39127397283552257,
            0.17908571863712294,
            0.24042324648871605,
            0.18921706203863822
        ]
    ]
}