{
    "edgeSequence": [
        [
            0.0,
            3.0,
            0.3
        ],
        [
            0.0,
            1.0,
            0.5
        ],
        [
            2.0,
            3.0,
            0.8
        ],
        [
            0.0,
            1.0,
            0.5
        ],
        [
            0.0,
            1.0,
            0.5
        ],
        [
            0.0,
            1.0,
            0.5
        ],
        [
            0.0,
            1.0,
            0.5
        ],
        [
            0.0,
            3.0,
            0.3
        ],
        [
            2.0,
            3.0,
            0.8
        ],
        [
            0.0,
            3.0,
            0.3
        ],
        [
            2.0,
            3.0,
            0.8
        ],
        [
            2.0,
            3.0,
            0.8
        ],
        [
            2.0,
            3.0,
            0.8
        ],
        [
            0.0,
            3.0,
            0.3
        ],
        [
            0.0,
            1.0,
            0.5
        ],
        [
            0.0,
            3.0,
            0.3
        ],
        [
            0.0,
            1.0,
            0.5
        ],
        [
            0.0,
            3.0,
            0.3
        ],
        [
            0.0,
            1.0,
            0.5
        ],
        [
            2.0,
            3.0,
            0.8
        ],
        [
            2.0,
            3.0,
            0.8
        ],
        [
            0.0,
            3.0,
            0.3
        ],
        [
            0.0,
            3.0,
            0.3
        ],
        [
            2.0,
            3.0,
            0.8
        ],
        [
            2.0,
            3.0,
            0.8
        ],
        [
            2.0,
            3.0,
            0.8
        ],
        [
            0.0,
            1.0,
            0.5
        ],
        [
            0.0,
            3.0,
            0.3
        ],
        [
            0.0,
            3.0,
            0.3
        ],
        [
            0.0,
            1.0,
            0.5
        ]
    ],
    "edgeMatrix": [
        [
            0.23544811919824477,
            0.2810567059120707,
            0.16514408419467128,
            0.31835109069501305
        ],
        [
            0.2999540923707899,
            0.35912924268224933,
            0.15831029077826914,
            0.18260637416869135
        ],
        [
            0.1651367777704605,
            0.18916599239146734,
            0.37159583363187654,
            0.27410139620619545
        ],
        [
            0.2994610106605046,
            0.17064805901421246,
            0.3049497913951829,
            0.22494113893010007
        ]
    ]
}